[
    {
        "question": "Evaluate: ",
        "img": "/images/img_pq_l2/L2_Q1.png",
        "solution":"/images/img_pq_l2/L2_Q1_S.png",
        "answer": [
            {"a": "25", "correct": false},
            {"b": "50", "correct": true},
            {"c": "10", "correct": false},
            {"d": "5", "correct": false}
        ]
    },
    {
        "question": "Evaluate: ",
        "img": "/images/img_pq_l2/L2_Q2.png",
        "solution":"/images/img_pq_l2/L2_Q2_S.png",
        "answer": [
            {"a": "20", "correct": false},
            {"b": "30", "correct": false},
            {"c": "40", "correct": true},
            {"d": "0", "correct": false}
        ]
    },
    {
        "question": "Evaluate: ",
        "img": "/images/img_pq_l2/L2_Q3.png",
        "solution":"/images/img_pq_l2/L2_Q3_S.png",
        "answer": [
            {"a": "3", "correct": false},
            {"b": "4", "correct": true},
            {"c": "1", "correct": false},
            {"d": "0", "correct": false}
        ]
    },
    {
        "question": "Evalute: ",
        "img": "/images/img_pq_l2/L2_Q4.png",
        "solution":"/images/img_pq_l2/L2_Q4_S.png",
        "answer": [
            {"a": "13", "correct": false},
            {"b": "31", "correct": true},
            {"c": "10", "correct": false},
            {"d": "0", "correct": false}
        ]
    },
    {
        "question": "Evalute: ",
        "img": "/images/img_pq_l2/L2_Q5.png",
        "solution":"/images/img_pq_l2/L2_Q5_S.png",
        "answer": [
            {"a": "27", "correct": true},
            {"b": "9", "correct": false},
            {"c": "15", "correct": false},
            {"d": "24", "correct": false}
        ]
    },
    {
        "question": "Evaluate: ",
        "img": "/images/img_pq_l2/L2_Q6.png",
        "solution":"/images/img_pq_l2/L2_Q6_S.png",
        "answer": [
            {"a": "1/9", "correct": false},
            {"b": "-1/9", "correct": true},
            {"c": "9", "correct": false},
            {"d": "-9", "correct": false}
        ]
    },
    {
        "question": "Evaluate: ",
        "img": "/images/img_pq_l2/L2_Q7.png",
        "solution":"/images/img_pq_l2/L2_Q7_S.png",
        "answer": [
            {"a": "1/3", "correct": false},
            {"b": "3/1", "correct": false},
            {"c": "1/6", "correct": true},
            {"d": "-1/6", "correct": false}
        ]
    },
    {
        "question": "Evaluate: ",
        "img": "/images/img_pq_l2/L2_Q8.png",
        "solution":"/images/img_pq_l2/L2_Q8_S.png",
        "answer": [
            {"a": "7/9", "correct": true},
            {"b": "3/7", "correct": false},
            {"c": "1/4", "correct": false},
            {"d": "0", "correct": false}
        ]
    },
    {
        "question": "Evaluate: ",
        "img": "/images/img_pq_l2/L2_Q9.png",
        "solution":"/images/img_pq_l2/L2_Q9_S.png",
        "answer": [
            {"a": "4", "correct": false},
            {"b": "7", "correct": true},
            {"c": "6", "correct": false},
            {"d": "0", "correct": false}
        ]
    },
    {
        "question": "Evalute: ",
        "img": "/images/img_pq_l2/L2_Q10.png",
        "solution":"/images/img_pq_l2/L2_Q10_S.png",
        "answer": [
            {"a": "6", "correct": false},
            {"b": "8", "correct": false},
            {"c": "10", "correct": false},
            {"d": "12", "correct": true}
        ]
    }
]