[
    {
        "question": "Evaluate: ",
        "img": "/images/img_pq_l1/L1_Q1.png",
        "answer": [
            {"a": "-∞", "correct": true},
            {"b": "5", "correct": false},
            {"c": "3", "correct": false},
            {"d": "2", "correct": false}
        ]
    },
    {
        "question": "Evaluate: ",
        "img": "/images/img_pq_l1/L1_Q2.png",
        "answer": [
            {"a": "does not exist", "correct": false},
            {"b": "5", "correct": false},
            {"c": "-∞", "correct": false},
            {"d": "4", "correct": true}
        ]
    },
    {
        "question": "Evaluate: ",
        "img": "/images/img_pq_l1/L1_Q3.png",
        "answer": [
            {"a": "does not exist", "correct": false},
            {"b": "3", "correct": true},
            {"c": "-∞", "correct": false},
            {"d": "4", "correct": false}
        ]
    },
    {
        "question": "Evaluate: ",
        "img": "/images/img_pq_l1/L1_Q4.png",
        "answer": [
            {"a": "does not exist", "correct": true},
            {"b": "3", "correct": false},
            {"c": "-∞", "correct": false},
            {"d": "4", "correct": false}
        ]
    },
    {
        "question": "Evaluate: ",
        "img": "/images/img_pq_l1/L1_Q5.png",
        "answer": [
            {"a": "6", "correct": false},
            {"b": "3", "correct": false},
            {"c": "-∞", "correct": true},
            {"d": "4", "correct": false}
        ]
    },
    {
        "question": "Evaluate: ",
        "img": "/images/img_pq_l1/L1_Q6.png",
        "answer": [
            {"a": "6", "correct": false},
            {"b": "3", "correct": false},
            {"c": "-∞", "correct": false},
            {"d": "4", "correct": true}
        ]
    },
    {
        "question": "Evaluate: ",
        "img": "/images/img_pq_l1/L1_Q7.png",
        "answer": [
            {"a": "2", "correct": true},
            {"b": "6", "correct": false},
            {"c": "-∞", "correct": false},
            {"d": "4", "correct": false}
        ]
    },
    {
        "question": "Evaluate: ",
        "img": "/images/img_pq_l1/L1_Q8.png",
        "answer": [
            {"a": "5", "correct": true},
            {"b": "4", "correct": false},
            {"c": "6", "correct": false},
            {"d": "4", "correct": false}
        ]
    },
    {
        "question": "Evaluate: ",
        "img": "/images/img_pq_l1/L1_Q9.png",
        "answer": [
            {"a": "5", "correct": false},
            {"b": "4", "correct": false},
            {"c": "6", "correct": false},
            {"d": "-∞", "correct": true}
        ]
    },
    {
        "question": "Evaluate: ",
        "img": "/images/img_pq_l1/L1_Q10.png",
        "answer": [
            {"a": "5", "correct": false},
            {"b": "4", "correct": false},
            {"c": "6", "correct": true},
            {"d": "-∞", "correct": false}
        ]
    },
    {
        "question": "Evaluate: ",
        "img": "/images/img_pq_l1/L1_Q11.png",
        "answer": [
            {"a": "2", "correct": true},
            {"b": "4", "correct": false},
            {"c": "5", "correct": false},
            {"d": "-∞", "correct": false}
        ]
    },
    {
        "question": "Evaluate: ",
        "img": "/images/img_pq_l1/L1_Q12.png",
        "answer": [
            {"a": "does not exist", "correct": false},
            {"b": "4", "correct": false},
            {"c": "5", "correct": true},
            {"d": "-∞", "correct": false}
        ]
    },
    {
        "question": "Evaluate: ",
        "img": "/images/img_pq_l1/L1_Q13.png",
        "answer": [
            {"a": "does not exist", "correct": false},
            {"b": "4", "correct": false},
            {"c": "5", "correct": false},
            {"d": "-∞", "correct": true}
        ]
    },
    {
        "question": "Evaluate: ",
        "img": "/images/img_pq_l1/L1_Q14.png",
        "answer": [
            {"a": "does not exist", "correct": true},
            {"b": "4", "correct": false},
            {"c": "5", "correct": false},
            {"d": "-∞", "correct": false}
        ]
    },
    {
        "question": "Evaluate: ",
        "img": "/images/img_pq_l1/L1_Q15.png",
        "answer": [
            {"a": "2", "correct": true},
            {"b": "6", "correct": false},
            {"c": "4", "correct": false},
            {"d": "-∞", "correct": false}
        ]
    },
    {
        "question": "Evaluate: ",
        "img": "/images/img_pq_l1/L1_Q16.png",
        "answer": [
            {"a": "2", "correct": false},
            {"b": "6", "correct": false},
            {"c": "4", "correct": false},
            {"d": "5", "correct": true}
        ]
    }
]